Transaction ID,Filtered Transaction
TranS1,"Household Cleaning Products, Personal Care Products"
TranS2,"Household Cleaning Products, Meat, Personal Care Products"
TranS3,"Dairy, Snacks, Vegetables, Personal Care Products, Bread"
TranS4,"Snacks, Personal Care Products"
TranS5,"Personal Care Products, Frozen Foods, Vegetables"
TranS6,"Canned Goods, Frozen Foods, Dairy, Meat, Bakery Items"
TranS7,"Personal Care Products, Vegetables, Household Cleaning Products, Bread"
TranS8,"Vegetables, Household Cleaning Products, Personal Care Products"
TranS9,"Personal Care Products, Meat, Vegetables, Bakery Items"
TranS10,"Frozen Foods, Household Cleaning Products, Canned Goods, Snacks, Dairy"
TranS11,"Snacks, Dairy, Personal Care Products, Meat"
TranS12,"Bakery Items, Household Cleaning Products"
TranS13,"Bread, Dairy, Snacks, Household Cleaning Products, Frozen Foods"
TranS14,"Dairy, Canned Goods, Bakery Items"
TranS15,Canned Goods
TranS16,"Frozen Foods, Meat, Vegetables, Canned Goods"
TranS17,Vegetables
TranS18,"Bakery Items, Bread, Snacks, Household Cleaning Products"
TranS19,"Dairy, Vegetables, Snacks, Meat"
TranS20,"Frozen Foods, Meat, Canned Goods, Dairy, Bread"
TranS21,"Personal Care Products, Bread, Vegetables, Household Cleaning Products"
TranS22,"Meat, Frozen Foods"
TranS23,"Meat, Vegetables, Frozen Foods, Snacks"
TranS24,"Vegetables, Meat"
TranS25,"Vegetables, Frozen Foods, Bakery Items, Dairy, Snacks"
TranS26,"Snacks, Canned Goods, Dairy, Personal Care Products, Meat"
TranS27,"Dairy, Household Cleaning Products, Bakery Items, Meat"
TranS28,Snacks
TranS29,"Household Cleaning Products, Meat, Dairy"
TranS30,"Canned Goods, Frozen Foods"
TranS31,"Meat, Frozen Foods, Vegetables"
TranS32,"Household Cleaning Products, Canned Goods, Bakery Items, Dairy"
TranS33,"Frozen Foods, Canned Goods, Dairy"
TranS34,"Personal Care Products, Vegetables, Meat, Canned Goods, Frozen Foods"
TranS35,"Household Cleaning Products, Frozen Foods, Bakery Items"
TranS36,"Canned Goods, Vegetables, Household Cleaning Products, Bakery Items, Frozen Foods"
TranS37,"Snacks, Personal Care Products"
TranS38,"Vegetables, Bread, Meat, Bakery Items, Snacks"
TranS39,"Bread, Dairy, Canned Goods, Meat, Frozen Foods"
TranS40,Bread
TranS41,Dairy
TranS42,"Bread, Bakery Items, Meat, Household Cleaning Products"
TranS43,"Personal Care Products, Snacks"
TranS44,"Household Cleaning Products, Frozen Foods"
TranS45,Vegetables
TranS46,Frozen Foods
TranS47,"Household Cleaning Products, Frozen Foods, Bread"
TranS48,"Bakery Items, Vegetables, Bread"
TranS49,"Snacks, Frozen Foods, Meat"
TranS50,"Meat, Vegetables, Snacks, Canned Goods"
TranS51,"Bakery Items, Snacks"
TranS52,"Bread, Household Cleaning Products, Bakery Items, Snacks"
TranS53,"Dairy, Bread, Frozen Foods"
TranS54,"Household Cleaning Products, Dairy, Bakery Items"
TranS55,"Bakery Items, Frozen Foods, Personal Care Products, Vegetables, Meat"
TranS56,Snacks
TranS57,"Vegetables, Snacks, Personal Care Products, Canned Goods"
TranS58,"Household Cleaning Products, Canned Goods, Frozen Foods"
TranS59,"Bakery Items, Vegetables, Frozen Foods, Dairy"
TranS60,Canned Goods
TranS61,"Snacks, Personal Care Products, Meat, Frozen Foods"
TranS62,"Bread, Personal Care Products, Frozen Foods, Dairy"
TranS63,Frozen Foods
TranS64,"Dairy, Bakery Items, Vegetables, Snacks, Canned Goods"
TranS65,"Bakery Items, Dairy, Frozen Foods"
TranS66,"Household Cleaning Products, Bread"
TranS67,"Vegetables, Meat, Household Cleaning Products, Bread"
TranS68,Snacks
TranS69,"Meat, Dairy"
TranS70,"Frozen Foods, Bread, Household Cleaning Products"
TranS71,"Snacks, Bread, Frozen Foods"
TranS72,"Meat, Canned Goods, Snacks"
TranS73,"Bread, Snacks"
TranS74,"Vegetables, Dairy"
TranS75,"Meat, Household Cleaning Products, Frozen Foods, Dairy, Personal Care Products"
TranS76,"Bakery Items, Snacks"
TranS77,Vegetables
TranS78,"Vegetables, Household Cleaning Products"
TranS79,"Vegetables, Frozen Foods, Meat, Dairy, Household Cleaning Products"
TranS80,"Bread, Frozen Foods"
TranS81,Canned Goods
TranS82,"Household Cleaning Products, Snacks, Frozen Foods"
TranS83,Meat
TranS84,"Bakery Items, Meat, Personal Care Products, Frozen Foods, Dairy"
TranS85,"Dairy, Vegetables, Household Cleaning Products, Meat"
TranS86,"Vegetables, Dairy, Frozen Foods"
TranS87,Snacks
TranS88,"Frozen Foods, Canned Goods, Dairy"
TranS89,"Bakery Items, Vegetables, Canned Goods"
TranS90,Household Cleaning Products
TranS91,Canned Goods
TranS92,"Household Cleaning Products, Meat"
TranS93,"Personal Care Products, Bakery Items"
TranS94,Snacks
TranS95,"Meat, Frozen Foods, Canned Goods, Bread"
TranS96,Frozen Foods
TranS97,Meat
TranS98,"Bakery Items, Dairy, Vegetables"
TranS99,"Bread, Personal Care Products, Snacks, Frozen Foods, Dairy"
TranS100,Bakery Items
TranS101,"Bread, Dairy"
TranS102,"Personal Care Products, Canned Goods"
TranS103,"Vegetables, Household Cleaning Products, Canned Goods"
TranS104,"Personal Care Products, Bread, Meat"
TranS105,"Frozen Foods, Personal Care Products"
TranS106,"Meat, Vegetables, Snacks, Bread, Household Cleaning Products"
TranS107,"Personal Care Products, Meat, Bread, Snacks, Canned Goods"
TranS108,"Personal Care Products, Household Cleaning Products, Canned Goods, Dairy"
TranS109,"Bread, Meat, Bakery Items, Vegetables"
TranS110,Personal Care Products
TranS111,"Snacks, Bakery Items, Bread, Household Cleaning Products, Vegetables"
TranS112,Meat
TranS113,"Bakery Items, Canned Goods, Household Cleaning Products, Meat, Frozen Foods"
TranS114,"Canned Goods, Dairy, Personal Care Products, Vegetables, Frozen Foods"
TranS115,Bread
TranS116,"Bread, Bakery Items, Dairy, Frozen Foods"
TranS117,"Vegetables, Household Cleaning Products"
TranS118,"Bread, Canned Goods, Meat, Bakery Items, Snacks"
TranS119,"Vegetables, Dairy, Meat, Canned Goods"
TranS120,"Dairy, Frozen Foods"
TranS121,Bread
TranS122,Canned Goods
TranS123,"Dairy, Canned Goods, Meat, Snacks, Vegetables"
TranS124,"Frozen Foods, Dairy, Bread"
TranS125,"Frozen Foods, Vegetables"
TranS126,"Meat, Vegetables"
TranS127,"Dairy, Vegetables, Household Cleaning Products"
TranS128,"Bread, Dairy"
TranS129,"Canned Goods, Dairy"
TranS130,"Frozen Foods, Bread, Vegetables, Meat, Snacks"
TranS131,"Bread, Vegetables, Bakery Items, Canned Goods"
TranS132,"Vegetables, Bakery Items, Canned Goods, Household Cleaning Products"
TranS133,"Bread, Household Cleaning Products, Personal Care Products"
TranS134,"Vegetables, Frozen Foods, Snacks, Bread"
TranS135,"Bread, Canned Goods, Dairy"
TranS136,"Snacks, Household Cleaning Products, Personal Care Products, Canned Goods, Meat"
TranS137,"Meat, Frozen Foods, Dairy"
TranS138,"Vegetables, Snacks, Bread, Bakery Items"
TranS139,"Canned Goods, Bakery Items"
TranS140,"Snacks, Household Cleaning Products, Frozen Foods"
TranS141,"Personal Care Products, Canned Goods, Dairy, Frozen Foods"
TranS142,Meat
TranS143,"Canned Goods, Meat, Vegetables, Personal Care Products, Frozen Foods"
TranS144,"Snacks, Bread, Bakery Items"
TranS145,"Snacks, Personal Care Products, Dairy, Canned Goods, Meat"
TranS146,"Vegetables, Bread, Household Cleaning Products, Bakery Items"
TranS147,"Vegetables, Frozen Foods"
TranS148,"Bakery Items, Household Cleaning Products, Bread, Snacks, Canned Goods"
TranS149,Bakery Items
TranS150,"Vegetables, Personal Care Products"
TranS151,"Vegetables, Bakery Items, Canned Goods, Household Cleaning Products, Meat"
TranS152,"Vegetables, Dairy, Bread"
TranS153,Meat
TranS154,"Household Cleaning Products, Personal Care Products, Dairy"
TranS155,"Dairy, Vegetables"
TranS156,Meat
TranS157,"Canned Goods, Meat"
TranS158,Meat
TranS159,"Personal Care Products, Meat, Bakery Items"
TranS160,"Snacks, Vegetables, Personal Care Products"
TranS161,Canned Goods
TranS162,"Bread, Canned Goods, Household Cleaning Products"
TranS163,"Meat, Dairy"
TranS164,Vegetables
TranS165,"Canned Goods, Household Cleaning Products, Frozen Foods, Dairy"
TranS166,"Personal Care Products, Meat"
TranS167,"Meat, Household Cleaning Products, Personal Care Products, Bakery Items"
TranS168,"Frozen Foods, Vegetables"
TranS169,Frozen Foods
TranS170,"Bakery Items, Frozen Foods, Household Cleaning Products"
TranS171,"Frozen Foods, Dairy, Personal Care Products"
TranS172,"Personal Care Products, Dairy"
TranS173,"Dairy, Personal Care Products"
TranS174,"Dairy, Canned Goods, Snacks"
TranS175,"Snacks, Canned Goods, Household Cleaning Products"
TranS176,"Personal Care Products, Canned Goods"
TranS177,"Frozen Foods, Canned Goods"
TranS178,"Frozen Foods, Meat, Bakery Items, Dairy, Personal Care Products"
TranS179,Snacks
TranS180,Meat
TranS181,"Bread, Frozen Foods, Bakery Items, Vegetables, Snacks"
TranS182,"Dairy, Bakery Items, Vegetables, Personal Care Products, Meat"
TranS183,"Canned Goods, Bakery Items"
TranS184,"Household Cleaning Products, Vegetables, Snacks, Bakery Items"
TranS185,"Snacks, Dairy, Meat, Vegetables"
TranS186,"Vegetables, Canned Goods, Bakery Items"
TranS187,"Personal Care Products, Vegetables"
TranS188,"Bread, Dairy, Household Cleaning Products, Snacks"
TranS189,"Canned Goods, Meat"
TranS190,Household Cleaning Products
TranS191,Bread
TranS192,"Snacks, Household Cleaning Products, Dairy, Frozen Foods"
TranS193,"Bread, Dairy, Vegetables"
TranS194,"Meat, Dairy, Bread, Vegetables, Frozen Foods"
TranS195,"Vegetables, Meat, Dairy, Personal Care Products"
TranS196,"Vegetables, Snacks, Canned Goods, Household Cleaning Products, Bakery Items"
TranS197,"Household Cleaning Products, Personal Care Products, Vegetables, Bread"
TranS198,Bakery Items
TranS199,"Canned Goods, Bakery Items"
TranS200,"Canned Goods, Dairy, Snacks, Frozen Foods, Vegetables"
TranS201,"Bread, Meat, Bakery Items, Personal Care Products, Household Cleaning Products"
TranS202,"Canned Goods, Frozen Foods, Meat, Household Cleaning Products, Bread"
TranS203,"Canned Goods, Frozen Foods, Household Cleaning Products, Bread, Vegetables"
TranS204,Meat
TranS205,"Frozen Foods, Vegetables, Bread, Snacks, Meat"
TranS206,"Vegetables, Meat, Canned Goods"
TranS207,Household Cleaning Products
TranS208,"Dairy, Snacks, Frozen Foods, Canned Goods, Bakery Items"
TranS209,"Personal Care Products, Snacks, Vegetables"
TranS210,"Personal Care Products, Snacks, Household Cleaning Products, Frozen Foods, Meat"
TranS211,"Personal Care Products, Snacks, Household Cleaning Products, Meat, Canned Goods"
TranS212,Frozen Foods
TranS213,"Dairy, Canned Goods"
TranS214,"Snacks, Canned Goods, Dairy, Bread, Frozen Foods"
TranS215,Meat
TranS216,Bakery Items
TranS217,"Frozen Foods, Bakery Items"
TranS218,"Frozen Foods, Meat"
TranS219,Frozen Foods
TranS220,"Vegetables, Personal Care Products, Canned Goods, Frozen Foods, Bread"
TranS221,"Vegetables, Frozen Foods, Canned Goods"
TranS222,"Frozen Foods, Meat"
TranS223,"Vegetables, Dairy"
TranS224,"Personal Care Products, Canned Goods, Meat"
TranS225,"Bread, Bakery Items, Snacks, Personal Care Products"
TranS226,"Household Cleaning Products, Meat"
TranS227,"Dairy, Canned Goods"
TranS228,"Household Cleaning Products, Dairy, Bakery Items"
TranS229,"Vegetables, Bread"
TranS230,"Meat, Canned Goods"
TranS231,Household Cleaning Products
TranS232,"Bakery Items, Vegetables, Household Cleaning Products, Canned Goods"
TranS233,"Bakery Items, Canned Goods, Household Cleaning Products, Snacks"
TranS234,Vegetables
TranS235,"Canned Goods, Dairy, Bakery Items, Meat, Household Cleaning Products"
TranS236,"Vegetables, Bakery Items, Personal Care Products, Canned Goods, Dairy"
TranS237,Canned Goods
TranS238,"Household Cleaning Products, Frozen Foods, Vegetables"
TranS239,"Bread, Meat, Household Cleaning Products, Snacks, Frozen Foods"
TranS240,"Dairy, Frozen Foods, Snacks, Bakery Items"
TranS241,"Meat, Vegetables, Bread"
TranS242,"Personal Care Products, Vegetables, Bakery Items"
TranS243,Canned Goods
TranS244,"Vegetables, Bakery Items, Bread, Canned Goods, Household Cleaning Products"
TranS245,"Bread, Vegetables, Frozen Foods, Bakery Items"
TranS246,"Frozen Foods, Dairy, Canned Goods, Bread"
TranS247,"Snacks, Vegetables, Canned Goods"
TranS248,"Personal Care Products, Dairy, Canned Goods, Meat, Household Cleaning Products"
TranS249,"Snacks, Vegetables, Meat, Household Cleaning Products"
TranS250,"Vegetables, Household Cleaning Products, Bakery Items, Personal Care Products"
TranS251,"Bread, Frozen Foods, Dairy"
TranS252,"Snacks, Bread"
TranS253,"Bread, Bakery Items, Canned Goods"
TranS254,Canned Goods
TranS255,"Dairy, Canned Goods, Frozen Foods, Bread, Meat"
TranS256,"Bakery Items, Frozen Foods, Snacks"
TranS257,Bread
TranS258,Snacks
TranS259,"Personal Care Products, Household Cleaning Products"
TranS260,"Dairy, Vegetables, Bakery Items, Bread, Snacks"
TranS261,Vegetables
TranS262,"Bakery Items, Canned Goods"
TranS263,"Bread, Vegetables"
TranS264,"Canned Goods, Meat, Household Cleaning Products, Snacks"
TranS265,"Dairy, Meat, Personal Care Products, Snacks"
TranS266,"Snacks, Meat, Frozen Foods, Household Cleaning Products, Canned Goods"
TranS267,"Bread, Snacks, Household Cleaning Products, Meat"
TranS268,Vegetables
TranS269,"Dairy, Personal Care Products, Household Cleaning Products"
TranS270,"Frozen Foods, Snacks"
TranS271,"Bakery Items, Vegetables, Meat"
TranS272,"Personal Care Products, Meat, Vegetables"
TranS273,"Frozen Foods, Vegetables, Bakery Items"
TranS274,Household Cleaning Products
TranS275,"Canned Goods, Bakery Items, Snacks"
TranS276,Household Cleaning Products
TranS277,"Household Cleaning Products, Dairy, Personal Care Products, Canned Goods, Snacks"
TranS278,Personal Care Products
TranS279,Vegetables
TranS280,"Dairy, Household Cleaning Products, Canned Goods"
TranS281,"Snacks, Dairy, Meat, Vegetables"
TranS282,"Canned Goods, Dairy, Frozen Foods"
TranS283,"Dairy, Bakery Items, Vegetables, Bread"
TranS284,"Meat, Bread, Personal Care Products"
TranS285,"Snacks, Household Cleaning Products, Vegetables, Frozen Foods, Dairy"
TranS286,"Personal Care Products, Vegetables, Canned Goods, Bread"
TranS287,Personal Care Products
TranS288,"Canned Goods, Snacks, Personal Care Products, Frozen Foods"
TranS289,"Personal Care Products, Meat, Frozen Foods, Vegetables"
TranS290,"Bread, Canned Goods, Meat, Dairy, Household Cleaning Products"
TranS291,"Meat, Personal Care Products, Vegetables, Household Cleaning Products"
TranS292,"Bakery Items, Household Cleaning Products, Meat"
TranS293,"Vegetables, Bakery Items, Household Cleaning Products"
TranS294,"Frozen Foods, Vegetables, Household Cleaning Products, Meat, Snacks"
TranS295,"Household Cleaning Products, Dairy"
TranS296,"Canned Goods, Frozen Foods"
TranS297,"Meat, Vegetables, Canned Goods, Bread, Frozen Foods"
TranS298,"Snacks, Meat, Dairy, Household Cleaning Products, Canned Goods"
TranS299,"Bread, Canned Goods, Bakery Items, Household Cleaning Products"
TranS300,Bread
TranS301,Canned Goods
TranS302,"Frozen Foods, Canned Goods"
TranS303,"Bakery Items, Dairy, Snacks"
TranS304,Vegetables
TranS305,"Snacks, Bakery Items, Frozen Foods, Household Cleaning Products"
TranS306,"Household Cleaning Products, Canned Goods, Snacks, Personal Care Products, Bread"
TranS307,"Personal Care Products, Bread, Frozen Foods, Household Cleaning Products"
TranS308,"Bread, Bakery Items, Frozen Foods, Meat, Personal Care Products"
TranS309,"Vegetables, Frozen Foods"
TranS310,"Dairy, Bread, Snacks, Canned Goods"
TranS311,"Snacks, Bread, Household Cleaning Products, Dairy, Meat"
TranS312,"Personal Care Products, Frozen Foods, Dairy"
TranS313,"Personal Care Products, Canned Goods, Bakery Items"
TranS314,"Bakery Items, Snacks"
TranS315,"Meat, Vegetables, Personal Care Products, Household Cleaning Products"
TranS316,"Bakery Items, Canned Goods, Meat, Dairy"
TranS317,"Bakery Items, Meat, Bread, Household Cleaning Products"
TranS318,"Bakery Items, Frozen Foods, Snacks, Meat, Canned Goods"
TranS319,"Meat, Household Cleaning Products, Frozen Foods, Snacks, Vegetables"
TranS320,"Bakery Items, Bread, Household Cleaning Products, Dairy, Vegetables"
TranS321,"Snacks, Household Cleaning Products, Personal Care Products, Canned Goods"
TranS322,Canned Goods
TranS323,Snacks
TranS324,"Snacks, Vegetables, Frozen Foods, Bread"
TranS325,"Personal Care Products, Snacks, Bread"
TranS326,Bakery Items
TranS327,"Frozen Foods, Snacks, Dairy, Bread"
TranS328,"Frozen Foods, Snacks, Household Cleaning Products, Personal Care Products"
TranS329,"Bakery Items, Personal Care Products, Household Cleaning Products, Meat, Bread"
TranS330,Canned Goods
TranS331,"Household Cleaning Products, Bakery Items, Canned Goods"
TranS332,"Frozen Foods, Dairy"
TranS333,Frozen Foods
TranS334,"Dairy, Household Cleaning Products, Snacks, Frozen Foods"
TranS335,"Vegetables, Canned Goods, Dairy, Personal Care Products, Bakery Items"
TranS336,"Household Cleaning Products, Personal Care Products"
TranS337,"Household Cleaning Products, Vegetables, Dairy, Canned Goods, Bread"
TranS338,"Bread, Meat, Canned Goods, Personal Care Products"
TranS339,"Dairy, Personal Care Products, Household Cleaning Products, Vegetables, Frozen Foods"
TranS340,"Frozen Foods, Vegetables, Meat"
TranS341,"Personal Care Products, Snacks"
TranS342,"Snacks, Meat, Bakery Items, Dairy"
TranS343,Household Cleaning Products
TranS344,"Personal Care Products, Bakery Items, Household Cleaning Products, Snacks"
TranS345,"Bread, Household Cleaning Products"
TranS346,"Canned Goods, Household Cleaning Products, Bread, Frozen Foods, Bakery Items"
TranS347,"Frozen Foods, Bakery Items"
TranS348,"Meat, Frozen Foods, Canned Goods, Vegetables, Household Cleaning Products"
TranS349,"Frozen Foods, Canned Goods"
TranS350,"Meat, Canned Goods, Dairy"
TranS351,"Meat, Household Cleaning Products, Snacks, Canned Goods"
TranS352,"Canned Goods, Bakery Items"
TranS353,"Bread, Vegetables"
TranS354,"Snacks, Frozen Foods, Household Cleaning Products"
TranS355,Snacks
TranS356,"Meat, Bread, Dairy, Snacks"
TranS357,"Canned Goods, Meat"
TranS358,Personal Care Products
TranS359,"Vegetables, Household Cleaning Products"
TranS360,"Bakery Items, Meat"
TranS361,"Dairy, Bread, Meat"
TranS362,"Snacks, Dairy, Meat, Vegetables, Household Cleaning Products"
TranS363,"Dairy, Snacks"
TranS364,"Canned Goods, Bread"
TranS365,"Canned Goods, Dairy, Frozen Foods, Bakery Items, Household Cleaning Products"
TranS366,"Personal Care Products, Dairy"
TranS367,Bakery Items
TranS368,"Bread, Vegetables, Canned Goods"
TranS369,"Frozen Foods, Snacks, Vegetables"
TranS370,"Household Cleaning Products, Canned Goods, Vegetables, Dairy"
TranS371,"Household Cleaning Products, Personal Care Products, Canned Goods, Vegetables"
TranS372,"Canned Goods, Vegetables, Bread, Frozen Foods"
TranS373,"Canned Goods, Bread"
TranS374,"Frozen Foods, Household Cleaning Products, Vegetables, Canned Goods"
TranS375,"Dairy, Meat, Household Cleaning Products, Frozen Foods, Bread"
TranS376,"Vegetables, Snacks, Household Cleaning Products"
TranS377,"Vegetables, Bakery Items"
TranS378,"Household Cleaning Products, Snacks"
TranS379,"Bread, Personal Care Products, Vegetables, Snacks, Dairy"
TranS380,"Household Cleaning Products, Snacks, Canned Goods, Meat, Bakery Items"
TranS381,"Meat, Household Cleaning Products"
TranS382,"Personal Care Products, Household Cleaning Products, Meat, Canned Goods, Bread"
TranS383,Canned Goods
TranS384,"Bread, Personal Care Products, Dairy"
TranS385,"Personal Care Products, Dairy"
TranS386,Personal Care Products
TranS387,"Snacks, Frozen Foods, Meat, Vegetables, Bread"
TranS388,"Bakery Items, Meat, Canned Goods"
TranS389,"Meat, Bakery Items, Snacks, Dairy, Vegetables"
TranS390,"Household Cleaning Products, Bakery Items, Meat"
TranS391,"Meat, Bread, Dairy"
TranS392,"Vegetables, Canned Goods, Bread"
TranS393,Meat
TranS394,"Dairy, Household Cleaning Products, Bread, Snacks, Frozen Foods"
TranS395,Bakery Items
TranS396,"Snacks, Vegetables, Household Cleaning Products, Frozen Foods"
TranS397,"Personal Care Products, Canned Goods, Bakery Items, Frozen Foods, Vegetables"
TranS398,"Canned Goods, Frozen Foods"
TranS399,Vegetables
TranS400,"Canned Goods, Vegetables, Frozen Foods, Bakery Items"
TranS401,"Household Cleaning Products, Snacks"
TranS402,"Snacks, Household Cleaning Products, Meat, Bread"
TranS403,"Canned Goods, Frozen Foods"
TranS404,"Bread, Frozen Foods, Dairy"
TranS405,"Dairy, Bread, Personal Care Products, Canned Goods, Household Cleaning Products"
TranS406,"Bread, Meat, Snacks, Bakery Items"
TranS407,"Canned Goods, Meat, Bakery Items, Household Cleaning Products"
TranS408,"Canned Goods, Snacks, Bread"
TranS409,"Bakery Items, Household Cleaning Products, Dairy, Vegetables, Personal Care Products"
TranS410,"Bakery Items, Vegetables"
TranS411,Vegetables
TranS412,"Vegetables, Meat, Bakery Items, Dairy"
TranS413,Frozen Foods
TranS414,"Canned Goods, Snacks, Household Cleaning Products"
TranS415,"Vegetables, Meat, Frozen Foods, Snacks"
TranS416,"Frozen Foods, Bread, Canned Goods"
TranS417,"Vegetables, Canned Goods"
TranS418,Snacks
TranS419,Household Cleaning Products
TranS420,Bread
TranS421,"Bread, Snacks"
TranS422,"Bakery Items, Dairy"
TranS423,Bread
TranS424,"Household Cleaning Products, Personal Care Products, Bread, Bakery Items"
TranS425,Bread
TranS426,"Canned Goods, Vegetables, Bread"
TranS427,Household Cleaning Products
TranS428,"Dairy, Snacks, Bakery Items"
TranS429,"Snacks, Bread, Meat, Household Cleaning Products"
TranS430,"Household Cleaning Products, Personal Care Products, Meat"
TranS431,"Snacks, Canned Goods, Bakery Items, Household Cleaning Products, Frozen Foods"
TranS432,Meat
TranS433,"Canned Goods, Snacks, Dairy, Bread, Household Cleaning Products"
TranS434,"Bakery Items, Dairy, Personal Care Products"
TranS435,"Canned Goods, Vegetables, Meat"
TranS436,"Household Cleaning Products, Snacks"
TranS437,"Personal Care Products, Bread"
TranS438,Snacks
TranS439,"Canned Goods, Dairy"
TranS440,Vegetables
TranS441,"Household Cleaning Products, Canned Goods"
TranS442,"Dairy, Bread, Snacks, Vegetables"
TranS443,"Personal Care Products, Vegetables, Bread, Snacks"
TranS444,"Canned Goods, Household Cleaning Products, Personal Care Products"
TranS445,"Bakery Items, Snacks, Dairy"
TranS446,"Bread, Personal Care Products, Frozen Foods"
TranS447,"Meat, Personal Care Products"
TranS448,Vegetables
TranS449,"Bread, Canned Goods"
TranS450,"Bread, Household Cleaning Products, Frozen Foods"
TranS451,Meat
TranS452,"Frozen Foods, Personal Care Products, Vegetables"
TranS453,"Snacks, Meat, Personal Care Products, Frozen Foods, Dairy"
TranS454,"Frozen Foods, Household Cleaning Products, Canned Goods, Bread"
TranS455,"Bread, Meat, Vegetables, Bakery Items, Dairy"
TranS456,"Bakery Items, Personal Care Products, Dairy, Bread"
TranS457,"Bread, Personal Care Products, Bakery Items, Meat, Vegetables"
TranS458,"Vegetables, Frozen Foods, Meat, Household Cleaning Products"
TranS459,"Bakery Items, Bread"
TranS460,"Dairy, Personal Care Products, Bakery Items, Household Cleaning Products, Bread"
TranS461,Household Cleaning Products
TranS462,"Frozen Foods, Bakery Items, Meat"
TranS463,Vegetables
TranS464,"Meat, Bakery Items, Dairy"
TranS465,"Household Cleaning Products, Snacks, Dairy"
TranS466,"Snacks, Household Cleaning Products, Bakery Items"
TranS467,Personal Care Products
TranS468,"Dairy, Bakery Items, Snacks, Canned Goods, Frozen Foods"
TranS469,Snacks
TranS470,"Frozen Foods, Personal Care Products, Vegetables, Canned Goods, Snacks"
TranS471,"Bread, Frozen Foods, Snacks, Meat, Personal Care Products"
TranS472,"Vegetables, Canned Goods, Bakery Items, Dairy, Bread"
TranS473,"Canned Goods, Household Cleaning Products, Snacks, Meat"
TranS474,Bakery Items
TranS475,"Frozen Foods, Dairy, Personal Care Products"
TranS476,Dairy
TranS477,"Meat, Dairy"
TranS478,"Personal Care Products, Frozen Foods, Household Cleaning Products, Vegetables, Dairy"
TranS479,"Vegetables, Bread, Canned Goods, Snacks"
TranS480,Personal Care Products
TranS481,"Meat, Frozen Foods, Bread"
TranS482,"Dairy, Bread, Bakery Items, Meat, Frozen Foods"
TranS483,"Canned Goods, Personal Care Products"
TranS484,"Vegetables, Bakery Items"
TranS485,"Frozen Foods, Canned Goods, Dairy, Meat"
TranS486,"Canned Goods, Snacks, Personal Care Products, Dairy"
TranS487,Meat
TranS488,"Vegetables, Canned Goods"
TranS489,"Personal Care Products, Snacks, Canned Goods"
TranS490,"Snacks, Personal Care Products, Household Cleaning Products, Bread, Vegetables"
TranS491,"Canned Goods, Personal Care Products, Snacks"
TranS492,"Household Cleaning Products, Snacks"
TranS493,"Household Cleaning Products, Bread, Canned Goods"
TranS494,"Bakery Items, Dairy, Meat, Household Cleaning Products"
TranS495,"Canned Goods, Household Cleaning Products, Meat, Vegetables, Frozen Foods"
TranS496,"Frozen Foods, Dairy, Household Cleaning Products, Bakery Items, Canned Goods"
TranS497,"Bakery Items, Dairy, Canned Goods, Household Cleaning Products, Personal Care Products"
TranS498,Frozen Foods
TranS499,"Canned Goods, Personal Care Products"
TranS500,"Bakery Items, Personal Care Products, Dairy, Snacks"
TranS501,Snacks
TranS502,Snacks
TranS503,"Bakery Items, Meat, Household Cleaning Products"
TranS504,"Household Cleaning Products, Canned Goods, Personal Care Products, Meat"
TranS505,"Frozen Foods, Household Cleaning Products, Canned Goods, Bakery Items, Snacks"
TranS506,"Frozen Foods, Dairy, Snacks, Personal Care Products"
TranS507,"Household Cleaning Products, Vegetables, Bakery Items"
TranS508,"Personal Care Products, Frozen Foods, Dairy"
TranS509,"Household Cleaning Products, Bread, Personal Care Products, Frozen Foods, Vegetables"
TranS510,"Vegetables, Meat, Canned Goods"
TranS511,"Dairy, Snacks, Household Cleaning Products, Bread, Bakery Items"
TranS512,"Household Cleaning Products, Personal Care Products, Vegetables, Canned Goods"
TranS513,"Snacks, Bakery Items, Meat, Household Cleaning Products"
TranS514,"Canned Goods, Frozen Foods, Vegetables"
TranS515,"Bread, Vegetables"
TranS516,"Frozen Foods, Canned Goods"
TranS517,Canned Goods
TranS518,"Meat, Bakery Items, Canned Goods, Household Cleaning Products, Vegetables"
TranS519,Meat
TranS520,"Snacks, Dairy"
TranS521,"Bakery Items, Canned Goods, Bread, Meat, Snacks"
TranS522,"Bakery Items, Meat, Vegetables, Frozen Foods, Bread"
TranS523,"Bread, Canned Goods, Frozen Foods, Bakery Items, Snacks"
TranS524,"Frozen Foods, Bread"
TranS525,"Household Cleaning Products, Frozen Foods, Snacks, Vegetables"
TranS526,"Snacks, Bakery Items"
TranS527,"Personal Care Products, Canned Goods, Bakery Items"
TranS528,Frozen Foods
TranS529,"Canned Goods, Bakery Items, Bread, Personal Care Products"
TranS530,"Vegetables, Bakery Items"
TranS531,"Frozen Foods, Household Cleaning Products, Canned Goods"
TranS532,"Dairy, Bakery Items, Household Cleaning Products, Personal Care Products, Frozen Foods"
TranS533,"Meat, Bread, Vegetables, Bakery Items"
TranS534,Dairy
TranS535,"Bread, Meat"
TranS536,"Meat, Vegetables, Frozen Foods, Dairy"
TranS537,Household Cleaning Products
TranS538,"Personal Care Products, Vegetables, Household Cleaning Products, Frozen Foods, Bakery Items"
TranS539,"Meat, Bakery Items, Personal Care Products"
TranS540,"Snacks, Dairy, Personal Care Products"
TranS541,"Frozen Foods, Bread, Snacks, Household Cleaning Products"
TranS542,Meat
TranS543,"Vegetables, Meat"
TranS544,"Bread, Snacks, Personal Care Products, Household Cleaning Products, Meat"
TranS545,"Vegetables, Household Cleaning Products, Meat"
TranS546,"Bread, Snacks, Meat"
TranS547,Vegetables
TranS548,"Meat, Snacks"
TranS549,"Personal Care Products, Bread, Snacks, Canned Goods, Vegetables"
TranS550,"Frozen Foods, Vegetables, Canned Goods"
TranS551,"Bread, Frozen Foods, Canned Goods"
TranS552,Dairy
TranS553,"Snacks, Dairy, Meat, Bakery Items"
TranS554,"Canned Goods, Meat, Household Cleaning Products, Frozen Foods, Snacks"
TranS555,"Household Cleaning Products, Bread"
TranS556,"Meat, Personal Care Products, Canned Goods, Frozen Foods, Dairy"
TranS557,"Household Cleaning Products, Snacks, Bread"
TranS558,Vegetables
TranS559,"Bread, Vegetables, Canned Goods, Snacks"
TranS560,"Meat, Vegetables, Frozen Foods"
TranS561,"Canned Goods, Dairy, Personal Care Products, Vegetables, Snacks"
TranS562,Meat
TranS563,Vegetables
TranS564,"Snacks, Household Cleaning Products, Canned Goods"
TranS565,"Dairy, Vegetables, Meat, Household Cleaning Products"
TranS566,"Personal Care Products, Meat, Household Cleaning Products, Frozen Foods"
TranS567,Bakery Items
TranS568,Canned Goods
TranS569,"Meat, Bakery Items"
TranS570,"Meat, Bakery Items, Bread, Snacks"
TranS571,"Canned Goods, Frozen Foods, Bakery Items, Household Cleaning Products, Snacks"
TranS572,"Bread, Personal Care Products, Meat, Canned Goods"
TranS573,"Bakery Items, Household Cleaning Products, Vegetables"
TranS574,"Meat, Dairy, Vegetables"
TranS575,"Personal Care Products, Bread, Household Cleaning Products, Canned Goods"
TranS576,"Meat, Frozen Foods"
TranS577,Vegetables
TranS578,"Personal Care Products, Canned Goods, Bakery Items, Meat"
TranS579,"Household Cleaning Products, Dairy, Frozen Foods, Canned Goods, Vegetables"
TranS580,"Household Cleaning Products, Bakery Items, Snacks"
TranS581,"Meat, Household Cleaning Products, Frozen Foods, Personal Care Products"
TranS582,Dairy
TranS583,"Bread, Personal Care Products, Meat, Snacks"
TranS584,Snacks
TranS585,"Personal Care Products, Frozen Foods, Bread, Household Cleaning Products, Meat"
TranS586,Personal Care Products
TranS587,"Bread, Vegetables, Household Cleaning Products"
TranS588,"Frozen Foods, Vegetables, Dairy, Snacks, Bakery Items"
TranS589,"Bread, Household Cleaning Products, Personal Care Products, Meat"
TranS590,"Frozen Foods, Bread, Personal Care Products, Canned Goods"
TranS591,"Household Cleaning Products, Bread, Snacks"
TranS592,"Frozen Foods, Meat, Vegetables, Dairy"
TranS593,"Household Cleaning Products, Snacks"
TranS594,"Vegetables, Snacks, Personal Care Products, Dairy, Frozen Foods"
TranS595,"Vegetables, Dairy"
TranS596,"Bakery Items, Bread, Meat, Vegetables"
TranS597,Frozen Foods
TranS598,Canned Goods
TranS599,"Bakery Items, Canned Goods"
TranS600,"Vegetables, Snacks"
TranS601,"Meat, Vegetables, Dairy, Canned Goods, Snacks"
TranS602,"Household Cleaning Products, Snacks"
TranS603,Canned Goods
TranS604,"Bread, Vegetables, Bakery Items"
TranS605,"Bread, Bakery Items"
TranS606,"Bakery Items, Snacks, Household Cleaning Products, Dairy"
TranS607,"Vegetables, Canned Goods, Frozen Foods, Personal Care Products, Snacks"
TranS608,"Canned Goods, Vegetables, Bread, Dairy, Household Cleaning Products"
TranS609,Personal Care Products
TranS610,"Vegetables, Bakery Items, Household Cleaning Products, Frozen Foods, Canned Goods"
TranS611,"Canned Goods, Snacks, Vegetables"
TranS612,"Canned Goods, Vegetables, Household Cleaning Products"
TranS613,"Household Cleaning Products, Bakery Items"
TranS614,Bread
TranS615,"Snacks, Frozen Foods"
TranS616,"Bakery Items, Meat, Household Cleaning Products, Snacks"
TranS617,Personal Care Products
TranS618,"Snacks, Bakery Items, Personal Care Products"
TranS619,"Dairy, Personal Care Products, Snacks, Bakery Items, Meat"
TranS620,"Household Cleaning Products, Bread, Snacks, Frozen Foods"
TranS621,"Bakery Items, Canned Goods"
TranS622,"Canned Goods, Bread, Personal Care Products"
TranS623,"Frozen Foods, Canned Goods, Snacks"
TranS624,"Meat, Dairy, Frozen Foods, Snacks"
TranS625,"Household Cleaning Products, Snacks"
TranS626,"Personal Care Products, Snacks, Bakery Items, Vegetables"
TranS627,"Vegetables, Personal Care Products, Canned Goods"
TranS628,"Bakery Items, Snacks, Bread, Household Cleaning Products"
TranS629,Frozen Foods
TranS630,Frozen Foods
TranS631,Dairy
TranS632,"Vegetables, Personal Care Products, Bread, Snacks"
TranS633,"Canned Goods, Frozen Foods, Vegetables"
TranS634,"Snacks, Personal Care Products, Vegetables, Frozen Foods"
TranS635,Dairy
TranS636,"Canned Goods, Bakery Items, Snacks, Frozen Foods, Personal Care Products"
TranS637,Frozen Foods
TranS638,"Canned Goods, Household Cleaning Products"
TranS639,"Canned Goods, Frozen Foods, Household Cleaning Products, Meat, Personal Care Products"
TranS640,"Bread, Snacks, Canned Goods"
TranS641,Vegetables
TranS642,"Frozen Foods, Vegetables, Meat, Personal Care Products, Household Cleaning Products"
TranS643,"Personal Care Products, Vegetables, Household Cleaning Products, Bakery Items"
TranS644,"Household Cleaning Products, Vegetables, Snacks, Bakery Items, Frozen Foods"
TranS645,"Bread, Vegetables, Household Cleaning Products"
TranS646,"Vegetables, Personal Care Products, Frozen Foods"
TranS647,"Bread, Canned Goods"
TranS648,"Snacks, Frozen Foods, Bread"
TranS649,"Personal Care Products, Frozen Foods, Bakery Items, Household Cleaning Products, Bread"
TranS650,Canned Goods
TranS651,"Snacks, Meat, Personal Care Products, Vegetables"
TranS652,"Household Cleaning Products, Canned Goods"
TranS653,"Household Cleaning Products, Canned Goods, Meat, Dairy"
TranS654,"Bread, Household Cleaning Products, Personal Care Products, Vegetables, Bakery Items"
TranS655,"Household Cleaning Products, Frozen Foods, Vegetables, Bread, Meat"
TranS656,"Vegetables, Dairy, Bread, Bakery Items"
TranS657,Bakery Items
TranS658,Meat
TranS659,"Bakery Items, Personal Care Products"
TranS660,"Canned Goods, Dairy, Meat, Vegetables"
TranS661,Snacks
TranS662,"Bakery Items, Snacks, Bread"
TranS663,"Vegetables, Snacks, Dairy, Personal Care Products, Bread"
TranS664,"Household Cleaning Products, Personal Care Products, Bakery Items"
TranS665,Frozen Foods
TranS666,Snacks
TranS667,"Dairy, Household Cleaning Products, Personal Care Products, Vegetables, Frozen Foods"
TranS668,"Snacks, Frozen Foods, Dairy, Vegetables, Personal Care Products"
TranS669,"Frozen Foods, Meat, Canned Goods"
TranS670,"Personal Care Products, Vegetables"
TranS671,"Bread, Snacks, Vegetables, Household Cleaning Products"
TranS672,Canned Goods
TranS673,Frozen Foods
TranS674,"Vegetables, Bread, Personal Care Products"
TranS675,"Vegetables, Bread, Personal Care Products"
TranS676,"Vegetables, Frozen Foods, Bread, Canned Goods, Household Cleaning Products"
TranS677,Bakery Items
TranS678,"Meat, Frozen Foods"
TranS679,"Meat, Frozen Foods, Bread, Bakery Items, Canned Goods"
TranS680,"Household Cleaning Products, Dairy, Canned Goods"
TranS681,"Meat, Frozen Foods, Personal Care Products, Snacks, Bread"
TranS682,"Vegetables, Frozen Foods"
TranS683,"Bread, Meat, Vegetables"
TranS684,"Dairy, Snacks, Vegetables, Meat"
TranS685,"Snacks, Meat, Dairy, Household Cleaning Products"
TranS686,Meat
TranS687,Canned Goods
TranS688,"Dairy, Vegetables, Household Cleaning Products"
TranS689,"Frozen Foods, Household Cleaning Products"
TranS690,"Vegetables, Canned Goods, Household Cleaning Products"
TranS691,"Canned Goods, Personal Care Products, Meat, Vegetables"
TranS692,"Snacks, Frozen Foods, Personal Care Products"
TranS693,Personal Care Products
TranS694,Bread
TranS695,"Household Cleaning Products, Snacks"
TranS696,"Personal Care Products, Meat"
TranS697,"Canned Goods, Dairy"
TranS698,Meat
TranS699,"Bakery Items, Canned Goods, Dairy, Bread, Vegetables"
TranS700,"Snacks, Canned Goods"
TranS701,"Frozen Foods, Personal Care Products"
TranS702,"Canned Goods, Frozen Foods, Dairy, Vegetables"
TranS703,"Personal Care Products, Canned Goods"
TranS704,"Household Cleaning Products, Meat, Frozen Foods"
TranS705,"Frozen Foods, Bakery Items"
TranS706,"Snacks, Vegetables"
TranS707,"Household Cleaning Products, Snacks"
TranS708,"Snacks, Meat, Household Cleaning Products, Bread, Frozen Foods"
TranS709,Vegetables
TranS710,"Bakery Items, Meat, Bread"
TranS711,"Household Cleaning Products, Snacks, Personal Care Products"
TranS712,Frozen Foods
TranS713,Dairy
TranS714,"Meat, Personal Care Products"
TranS715,"Meat, Vegetables"
TranS716,"Frozen Foods, Household Cleaning Products, Meat, Vegetables"
TranS717,"Personal Care Products, Bakery Items, Household Cleaning Products"
TranS718,Personal Care Products
TranS719,"Bread, Vegetables"
TranS720,Meat
TranS721,"Vegetables, Snacks, Canned Goods"
TranS722,"Meat, Canned Goods, Dairy, Bakery Items, Vegetables"
TranS723,"Frozen Foods, Dairy"
TranS724,"Bread, Bakery Items, Canned Goods, Vegetables, Personal Care Products"
TranS725,"Canned Goods, Personal Care Products, Vegetables"
TranS726,"Dairy, Snacks, Frozen Foods"
TranS727,"Personal Care Products, Meat, Bakery Items, Bread, Household Cleaning Products"
TranS728,"Personal Care Products, Bread, Canned Goods"
TranS729,"Meat, Dairy, Vegetables, Frozen Foods, Bread"
TranS730,"Vegetables, Household Cleaning Products, Dairy, Bread, Personal Care Products"
TranS731,Bread
TranS732,Dairy
TranS733,"Dairy, Meat"
TranS734,"Bakery Items, Snacks, Canned Goods"
TranS735,"Meat, Vegetables, Dairy, Canned Goods, Bakery Items"
TranS736,"Frozen Foods, Bread, Dairy, Vegetables, Household Cleaning Products"
TranS737,"Snacks, Bakery Items, Vegetables, Dairy"
TranS738,"Canned Goods, Meat, Frozen Foods, Personal Care Products"
TranS739,"Canned Goods, Meat, Personal Care Products, Vegetables"
TranS740,Bakery Items
TranS741,"Household Cleaning Products, Vegetables, Bread"
TranS742,"Bakery Items, Household Cleaning Products"
TranS743,"Vegetables, Household Cleaning Products"
TranS744,"Household Cleaning Products, Snacks, Personal Care Products, Canned Goods, Bakery Items"
TranS745,"Household Cleaning Products, Vegetables, Snacks, Dairy"
TranS746,"Personal Care Products, Dairy, Bakery Items, Bread"
TranS747,"Frozen Foods, Snacks, Bakery Items, Vegetables"
TranS748,"Dairy, Household Cleaning Products, Canned Goods"
TranS749,"Bread, Dairy, Canned Goods, Vegetables, Frozen Foods"
TranS750,"Household Cleaning Products, Dairy, Frozen Foods, Meat, Snacks"
TranS751,Snacks
TranS752,"Snacks, Dairy, Vegetables, Frozen Foods, Bread"
TranS753,"Dairy, Personal Care Products, Canned Goods, Bread, Meat"
TranS754,"Canned Goods, Snacks, Vegetables, Personal Care Products, Bakery Items"
TranS755,"Bread, Meat, Canned Goods"
TranS756,Canned Goods
TranS757,"Snacks, Dairy, Bakery Items, Household Cleaning Products"
TranS758,"Meat, Vegetables, Personal Care Products"
TranS759,Personal Care Products
TranS760,"Dairy, Snacks, Personal Care Products, Household Cleaning Products"
TranS761,"Personal Care Products, Snacks, Bread, Frozen Foods"
TranS762,"Meat, Household Cleaning Products, Frozen Foods, Snacks"
TranS763,"Dairy, Bakery Items, Bread"
TranS764,"Canned Goods, Meat, Household Cleaning Products, Snacks, Frozen Foods"
TranS765,"Meat, Bakery Items, Snacks"
TranS766,"Household Cleaning Products, Bakery Items, Frozen Foods, Snacks, Personal Care Products"
TranS767,"Meat, Bread, Bakery Items, Frozen Foods"
TranS768,"Meat, Canned Goods"
TranS769,"Frozen Foods, Meat"
TranS770,"Household Cleaning Products, Meat, Vegetables, Bakery Items, Frozen Foods"
TranS771,Household Cleaning Products
TranS772,Canned Goods
TranS773,"Canned Goods, Bakery Items, Personal Care Products, Vegetables"
TranS774,"Snacks, Bakery Items, Frozen Foods, Dairy, Meat"
TranS775,"Bakery Items, Canned Goods, Personal Care Products, Frozen Foods, Bread"
TranS776,Canned Goods
TranS777,"Personal Care Products, Canned Goods"
TranS778,"Vegetables, Dairy"
TranS779,"Snacks, Meat, Bread, Dairy, Frozen Foods"
TranS780,"Dairy, Bakery Items, Canned Goods, Frozen Foods, Snacks"
TranS781,"Bakery Items, Snacks"
TranS782,"Snacks, Bread, Dairy, Personal Care Products, Frozen Foods"
TranS783,"Snacks, Canned Goods, Bread"
TranS784,"Vegetables, Bread"
TranS785,"Household Cleaning Products, Snacks, Frozen Foods, Bakery Items, Vegetables"
TranS786,"Frozen Foods, Household Cleaning Products, Dairy, Personal Care Products"
TranS787,"Vegetables, Snacks"
TranS788,"Snacks, Dairy"
TranS789,"Vegetables, Snacks, Dairy, Bread, Canned Goods"
TranS790,"Snacks, Dairy"
TranS791,Bread
TranS792,"Personal Care Products, Dairy"
TranS793,"Frozen Foods, Vegetables, Bread, Bakery Items, Dairy"
TranS794,"Dairy, Vegetables, Frozen Foods, Personal Care Products, Bakery Items"
TranS795,"Canned Goods, Meat, Frozen Foods, Bread, Dairy"
TranS796,"Personal Care Products, Meat, Bakery Items, Frozen Foods, Household Cleaning Products"
TranS797,"Bread, Canned Goods, Personal Care Products"
TranS798,"Snacks, Bread, Dairy"
TranS799,"Household Cleaning Products, Meat"
TranS800,"Bread, Dairy, Vegetables, Frozen Foods"
TranS801,"Meat, Vegetables"
TranS802,"Meat, Bread, Bakery Items, Snacks"
TranS803,"Meat, Personal Care Products, Dairy, Snacks"
TranS804,"Household Cleaning Products, Bakery Items, Frozen Foods, Vegetables"
TranS805,"Frozen Foods, Personal Care Products, Snacks, Dairy, Meat"
TranS806,"Vegetables, Meat, Frozen Foods"
TranS807,"Bread, Dairy, Vegetables, Canned Goods, Household Cleaning Products"
TranS808,Bakery Items
TranS809,Household Cleaning Products
TranS810,"Dairy, Bakery Items, Frozen Foods, Vegetables"
TranS811,"Snacks, Canned Goods, Bread"
TranS812,"Personal Care Products, Household Cleaning Products, Canned Goods, Bakery Items"
TranS813,"Snacks, Bread, Dairy, Household Cleaning Products, Meat"
TranS814,"Frozen Foods, Household Cleaning Products, Meat, Canned Goods"
TranS815,Household Cleaning Products
TranS816,"Canned Goods, Personal Care Products, Vegetables"
TranS817,"Personal Care Products, Bread, Household Cleaning Products, Dairy, Snacks"
TranS818,"Canned Goods, Household Cleaning Products"
TranS819,"Vegetables, Dairy, Meat"
TranS820,"Vegetables, Meat, Dairy, Household Cleaning Products, Snacks"
TranS821,"Snacks, Bread, Household Cleaning Products"
TranS822,"Household Cleaning Products, Personal Care Products, Bread, Bakery Items"
TranS823,"Canned Goods, Frozen Foods, Vegetables"
TranS824,"Snacks, Personal Care Products, Household Cleaning Products, Bread"
TranS825,"Bakery Items, Dairy, Snacks, Household Cleaning Products"
TranS826,"Snacks, Bread, Bakery Items, Household Cleaning Products"
TranS827,"Canned Goods, Personal Care Products, Bread, Frozen Foods"
TranS828,Meat
TranS829,"Meat, Bakery Items, Household Cleaning Products"
TranS830,Canned Goods
TranS831,"Personal Care Products, Household Cleaning Products, Bread, Frozen Foods, Snacks"
TranS832,Bakery Items
TranS833,"Dairy, Bakery Items"
TranS834,Bread
TranS835,Household Cleaning Products
TranS836,"Bakery Items, Vegetables, Household Cleaning Products, Canned Goods"
TranS837,"Canned Goods, Frozen Foods, Meat"
TranS838,"Bakery Items, Dairy, Canned Goods"
TranS839,"Personal Care Products, Bread, Vegetables, Meat"
TranS840,"Household Cleaning Products, Vegetables, Frozen Foods, Meat"
TranS841,"Household Cleaning Products, Meat"
TranS842,"Canned Goods, Dairy, Vegetables, Meat"
TranS843,"Personal Care Products, Snacks, Meat, Vegetables"
TranS844,"Frozen Foods, Personal Care Products, Bread, Household Cleaning Products, Canned Goods"
TranS845,"Bread, Canned Goods, Vegetables"
TranS846,"Dairy, Vegetables, Canned Goods, Bakery Items"
TranS847,"Meat, Dairy, Vegetables"
TranS848,"Personal Care Products, Dairy, Bakery Items"
TranS849,"Canned Goods, Household Cleaning Products, Dairy"
TranS850,"Dairy, Frozen Foods, Vegetables"
TranS851,"Bakery Items, Vegetables, Personal Care Products"
TranS852,"Dairy, Household Cleaning Products, Bakery Items"
TranS853,"Snacks, Bread, Household Cleaning Products, Canned Goods, Frozen Foods"
TranS854,"Dairy, Snacks, Canned Goods"
TranS855,"Vegetables, Bread, Household Cleaning Products, Personal Care Products, Canned Goods"
TranS856,"Bread, Household Cleaning Products"
TranS857,"Personal Care Products, Meat, Bakery Items, Canned Goods, Frozen Foods"
TranS858,Meat
TranS859,"Meat, Vegetables"
TranS860,"Vegetables, Household Cleaning Products, Canned Goods, Frozen Foods, Snacks"
TranS861,"Dairy, Personal Care Products, Bakery Items"
TranS862,Personal Care Products
TranS863,Bakery Items
TranS864,"Canned Goods, Frozen Foods"
TranS865,"Frozen Foods, Meat"
TranS866,"Household Cleaning Products, Bakery Items, Frozen Foods, Canned Goods"
TranS867,"Bread, Vegetables, Snacks, Dairy"
TranS868,"Bakery Items, Personal Care Products, Dairy"
TranS869,"Bakery Items, Bread, Household Cleaning Products, Personal Care Products, Dairy"
TranS870,"Bread, Dairy, Household Cleaning Products"
TranS871,"Household Cleaning Products, Meat, Bread, Canned Goods, Personal Care Products"
TranS872,"Meat, Household Cleaning Products"
TranS873,"Canned Goods, Frozen Foods, Bakery Items, Bread, Dairy"
TranS874,"Household Cleaning Products, Snacks, Bread, Canned Goods"
TranS875,"Dairy, Bakery Items, Frozen Foods, Snacks, Canned Goods"
TranS876,"Meat, Personal Care Products"
TranS877,"Canned Goods, Personal Care Products, Snacks, Vegetables, Frozen Foods"
TranS878,"Household Cleaning Products, Canned Goods, Bread, Meat"
TranS879,"Personal Care Products, Snacks, Dairy, Canned Goods, Frozen Foods"
TranS880,"Frozen Foods, Bread, Vegetables"
TranS881,"Bread, Bakery Items, Frozen Foods, Personal Care Products, Canned Goods"
TranS882,"Meat, Household Cleaning Products, Personal Care Products"
TranS883,Meat
TranS884,"Snacks, Meat, Bread"
TranS885,"Canned Goods, Personal Care Products"
TranS886,"Dairy, Household Cleaning Products, Snacks, Bread"
TranS887,"Household Cleaning Products, Frozen Foods, Snacks, Meat"
TranS888,"Dairy, Canned Goods"
TranS889,"Canned Goods, Frozen Foods, Snacks, Personal Care Products, Meat"
TranS890,"Household Cleaning Products, Dairy, Bread, Meat, Bakery Items"
TranS891,"Canned Goods, Personal Care Products, Snacks"
TranS892,"Household Cleaning Products, Bread"
TranS893,"Vegetables, Dairy, Bakery Items"
TranS894,"Frozen Foods, Snacks"
TranS895,"Household Cleaning Products, Bakery Items"
TranS896,"Snacks, Household Cleaning Products"
TranS897,"Dairy, Frozen Foods, Vegetables, Meat, Bread"
TranS898,"Household Cleaning Products, Frozen Foods, Dairy, Vegetables"
TranS899,"Frozen Foods, Dairy"
TranS900,"Meat, Household Cleaning Products"
TranS901,Personal Care Products
TranS902,"Bakery Items, Dairy, Household Cleaning Products, Bread"
TranS903,"Canned Goods, Bread, Dairy, Bakery Items, Personal Care Products"
TranS904,"Personal Care Products, Bread, Household Cleaning Products"
TranS905,"Vegetables, Bakery Items, Meat, Dairy"
TranS906,"Frozen Foods, Bread"
TranS907,"Canned Goods, Bakery Items, Frozen Foods, Personal Care Products, Bread"
TranS908,"Meat, Dairy"
TranS909,"Snacks, Vegetables, Bakery Items, Canned Goods, Dairy"
TranS910,"Frozen Foods, Meat, Household Cleaning Products, Bakery Items"
TranS911,Vegetables
TranS912,"Bakery Items, Snacks"
TranS913,"Dairy, Canned Goods, Household Cleaning Products"
TranS914,"Bakery Items, Snacks, Frozen Foods"
TranS915,"Bread, Household Cleaning Products"
TranS916,"Snacks, Household Cleaning Products, Bread"
TranS917,"Household Cleaning Products, Vegetables"
TranS918,"Personal Care Products, Snacks"
TranS919,"Dairy, Snacks"
TranS920,"Frozen Foods, Bread, Meat"
TranS921,Personal Care Products
TranS922,Frozen Foods
TranS923,"Vegetables, Canned Goods"
TranS924,"Frozen Foods, Canned Goods, Dairy, Meat, Snacks"
TranS925,Household Cleaning Products
TranS926,"Bakery Items, Meat, Dairy"
TranS927,"Dairy, Vegetables"
TranS928,"Bread, Vegetables, Frozen Foods, Dairy, Household Cleaning Products"
TranS929,"Canned Goods, Frozen Foods, Meat, Personal Care Products, Snacks"
TranS930,"Meat, Canned Goods"
TranS931,"Meat, Household Cleaning Products"
TranS932,"Frozen Foods, Bakery Items"
TranS933,"Frozen Foods, Canned Goods, Household Cleaning Products, Meat, Bakery Items"
TranS934,"Frozen Foods, Canned Goods"
TranS935,"Household Cleaning Products, Frozen Foods, Dairy"
TranS936,"Meat, Personal Care Products, Vegetables, Bakery Items"
TranS937,"Bread, Bakery Items"
TranS938,Vegetables
TranS939,"Canned Goods, Frozen Foods, Personal Care Products, Vegetables, Bread"
TranS940,"Dairy, Snacks, Canned Goods, Bakery Items, Bread"
TranS941,"Snacks, Canned Goods, Bread, Frozen Foods"
TranS942,"Household Cleaning Products, Bread"
TranS943,"Dairy, Bakery Items"
TranS944,"Dairy, Snacks, Frozen Foods, Vegetables"
TranS945,Bread
TranS946,"Dairy, Vegetables, Meat"
TranS947,"Vegetables, Snacks"
TranS948,"Canned Goods, Personal Care Products, Vegetables, Meat"
TranS949,Household Cleaning Products
TranS950,"Canned Goods, Personal Care Products, Meat, Frozen Foods"
TranS951,Bread
TranS952,Frozen Foods
TranS953,"Frozen Foods, Bread, Personal Care Products, Canned Goods, Dairy"
TranS954,"Frozen Foods, Household Cleaning Products"
TranS955,"Dairy, Frozen Foods, Snacks"
TranS956,"Personal Care Products, Snacks, Frozen Foods, Bread, Meat"
TranS957,Meat
TranS958,"Frozen Foods, Household Cleaning Products, Personal Care Products, Vegetables"
TranS959,"Frozen Foods, Dairy, Vegetables"
TranS960,"Bakery Items, Snacks"
TranS961,"Snacks, Personal Care Products"
TranS962,"Vegetables, Bread, Frozen Foods, Dairy"
TranS963,"Vegetables, Dairy, Canned Goods, Personal Care Products, Meat"
TranS964,"Household Cleaning Products, Dairy, Vegetables, Personal Care Products"
TranS965,"Household Cleaning Products, Personal Care Products, Canned Goods, Dairy, Frozen Foods"
TranS966,"Bakery Items, Bread, Snacks, Household Cleaning Products, Vegetables"
TranS967,Bakery Items
TranS968,"Meat, Personal Care Products, Snacks, Dairy, Canned Goods"
TranS969,"Vegetables, Bakery Items, Meat, Canned Goods"
TranS970,"Snacks, Bakery Items"
TranS971,"Frozen Foods, Dairy"
TranS972,Vegetables
TranS973,"Bakery Items, Snacks, Vegetables"
TranS974,Bakery Items
TranS975,Bakery Items
TranS976,"Bread, Personal Care Products"
TranS977,"Snacks, Frozen Foods, Dairy, Household Cleaning Products"
TranS978,"Household Cleaning Products, Bread"
TranS979,Vegetables
TranS980,"Vegetables, Snacks, Canned Goods, Meat, Personal Care Products"
TranS981,Frozen Foods
TranS982,Personal Care Products
TranS983,Meat
TranS984,"Bakery Items, Meat, Frozen Foods"
TranS985,"Snacks, Bakery Items, Personal Care Products, Dairy"
TranS986,"Bread, Meat"
TranS987,"Bakery Items, Vegetables, Dairy, Canned Goods, Meat"
TranS988,Vegetables
TranS989,"Personal Care Products, Household Cleaning Products, Bakery Items, Snacks, Vegetables"
TranS990,"Personal Care Products, Frozen Foods, Snacks, Bakery Items"
TranS991,Bread
TranS992,"Snacks, Vegetables, Canned Goods, Frozen Foods, Bread"
TranS993,Canned Goods
TranS994,"Dairy, Household Cleaning Products"
TranS995,"Dairy, Household Cleaning Products, Bakery Items, Personal Care Products, Frozen Foods"
TranS996,"Canned Goods, Meat"
TranS997,"Canned Goods, Bakery Items"
TranS998,"Snacks, Canned Goods"
TranS999,"Meat, Frozen Foods, Bakery Items, Household Cleaning Products, Personal Care Products"
TranS1000,"Vegetables, Dairy, Bread"
